#,Brochure Panel Name,Brochure Test Cover,Brochure Sample Type,Brochure TAT,StrandLS Matched Panel,StrandLS Code,StrandLS Description,StrandLS Applicable Cancers
1,Somatic Whole Exome Sequencing,NGS-All Human ~23000 genes (300x coverage),FFPE Tissue Block,16 Days,Somatic Advantage 500 Standard (DNA+RNA),SLS162002,This panel evaluates mutations in 523 genes using DNA sequencing and fusions in 55 genes using RNA sequencing; it also analyzes Tumor Mutation Burden (TMB) and Microsatellite Instability (MSI),"All Solid Tumors, Comprehensive Profiling"
2,Somatic Comprehensive Genomics Profiling (MSI+TMB+HRD),NGS-1080 DNA Genes +104 fusion partners MSI+TMB+HRD,FFPE Tissue Block,16 Days,Somatic Advantage 500 Advanced (DNA+RNA),SLS162003,This comprehensive panel evaluates mutations in 523 genes using DNA sequencing and fusions in 55 genes using RNA sequencing; it also analyzes Tumor Mutation Burden (TMB) and MSI,"All Solid Tumors, Comprehensive Profiling"
3,Somatic Lung Gene panel,126 Genes and MSI,FFPE Tissue Block,16 Days,Lung Cancer Comprehensive Panel,SLS160002,This comprehensive panel evaluates the presence of PDL-1 along with mutations in 14 genes using DNA sequencing and fusions in 7 genes using RNA sequencing for lung cancer,Lung Cancer
4,Somatic Pan-Solid Tumour Panel,126 Genes and MSI,FFPE Tissue Block,16 Days,Somatic Advantage 74 (DNA+RNA),SLS162004,This panel evaluates mutations in 74 genes using DNA sequencing and fusions in 14 genes using RNA sequencing for targeted somatic cancer therapy,"All Solid Tumors, Comprehensive Profiling"
5,Somatic Sarcoma Gene Panel,"NGS-571 DNA Genes + 2660 RNA fusion partners, TMB and MSI",FFPE Tissue Block,16 Days,Sarcoma Comprehensive Panel,SLS163450,"This is an advanced NGS assay designed to detect clinically relevant gene fusions, SNVs, InDels, and CNVs across a broad spectrum of sarcoma subtypes.",Sarcomas
6,Somatic Endometrium Panel,51 HRR Genes,FFPE Tissue Block,16 Days,Endometrial Cancer Test,SLS162900,"This test identifies mutations in dMMR genes, POLE, and TP53 for endometrial cancer",Endometrial Cancer
7,Somatic Targeted Lung cancer Gene Panel,12 Genes,FFPE Tissue Block,16 Days,Lung Cancer Essential Panel,SLS162400,This panel tests for mutations in 7 genes using DNA sequencing and fusions in 4 genes using RNA sequencing,Lung Cancer
8,Somatic Targeted Breast Cancer Gene Panel,25 Genes,FFPE Tissue Block,16 Days,Breast Cancer Essential Panel,SLS162204,"This panel analyzes mutations in 8 important genes commonly associated with breast cancer. These mutations provide insights into tumor behavior, prognosis, and potential response to targeted therapies.",Breast Cancer
9,Somatic Targeted Colorectal Cancer Gene Panel,41 genes + 11 MSI Markers,FFPE Tissue Block,16 Days,Colorectal Cancer Essential Panel,SLS162600,This panel evaluates 7 genes for mutations associated with colorectal cancer,Colorectal Cancer
10,Somatic Targeted Ovarian Cancer Gene Panel,26 Genes,FFPE Tissue Block,16 Days,Homologous Recombination Deficiency Test (HRD),SLS162201,This test analyzes 19 genes in the HRR pathway (including BRCA1 & BRCA2) along with genomic instability to assess homologous recombination deficiency,Ovarian Cancer
11,Somatic Targeted endometrium Cancer Gene Panel,34 Genes,FFPE Tissue Block,16 Days,POLE gene by NGS,SLS162901,"This test detects pathogenic variants in the POLE gene that are associated with an ultramutated tumor phenotype, for prognosis, and treatment decision-making.","Endometrial Cancer, Colorectal Cancer, Ovarian Cancer"
12,Somatic 96hrs Solid Tumour Panel (Oncomine Precision Assay),50 key oncology genes Pan Cancer,FFPE Tissue Block or 10ml Blood in Streck Tube / CSF or Pleural Fluid in EDTA Tube,4 Days,Somatic Advantage 74 (DNA+RNA) (RAPID),SLS162012,This test is a rapid version of the Somatic Advantage 74 Test. It evaluates mutations in 74 genes using DNA sequencing and fusions in 14 genes using RNA sequencing for targeted somatic cancer therapy,"All Solid Tumors, Comprehensive Profiling"
13,Somatic 96hrs Myeloid Panel (Oncomine Myeloid Assay),DNA Panel: Hotspot Gene (23) Full Gene (17) RNA Panel: Expression Gene (5) Expression Control Gene (5) Fusion Driver Gene (29),3ml Bone marrow Aspirate in EDTA Tube,4 Days,JAK2 Mutation Analysis (V617F) by qPCR,SLS840003,"This test identifies the JAK2 V617F mutation in blood, a key marker in diagnosing Myeloproliferative Neoplasms such as Polycythemia Vera and Essential Thrombocythemia","Myeloproliferative Neoplasms (PV, ET, PMF)"
14,Somatic Comprehensive Leukaemia Panel (ALL/AML),NGS-98 DNA Genes + 119 RNA Fusions,3ml Bone Marrow Aspirate in EDTA Tube,16 Days,Final Diagnosis Panel,SLS810011,This panel provides sequential testing to determine the final diagnosis of cancer,All Solid Tumors
15,Comprehensive Pan- Liquid Biopsy (CtDNA),126 Genes and MSI,10ml Blood in Streck Tube / CSF or Pleural Fluid in EDTA Tube,16 Days,Somatic Advantage 500 Advanced - Liquid Biopsy,SLS162017,This test is a minimally invasive solution for comprehensive molecular profiling. It evaluates mutations in 523 genes using DNA sequencing and fusions in 55 genes; it also analyzes Tumor Mutation Burden (TMB) and MSI,"All Solid Tumors, Comprehensive Profiling"
16,Germline Oncomine BRCA 1 and BRCA2,BRCA 1 and BRCA2 - Full Gene,Whole Blood in EDTA Tube,16 Days,Germline BRCA1 & BRCA2 Test,SLS161003,"This test detects mutations in the BRCA1 and BRCA2 genes, which are associated with hereditary breast and ovarian cancer","Hereditary Breast and Ovarian Cancer, Breast Cancer, Ovarian Cancer"
17,Germline Whole Exome Sequencing,NGS-All Human ~23000 genes (100x coverage),Whole Blood in EDTA Tube,16 Days,Germline 3 Gene Panel,SLS161001,"This test analyzes the BRCA1, BRCA2, and TP53 genes for mutations associated with hereditary cancer risks","Breast Cancer, Ovarian Cancer, Fallopian Tube Cancer, Prostate Cancer, Testicular Cancer, Pancreatic Cancer, Uterine Cancer, Cervical Cancer, Skin Cancer, Brain Cancer, Hematologic Cancer, Liver Cancer, Soft Tissue Sarcoma, Adrenal Cancer"
18,Germline Comprehensive Hereditary Gene Panel,74 Genes,Whole Blood in EDTA Tube,16 Days,Hereditary Cancer Test,SLS161013,"This comprehensive test evaluates 36 genes associated with hereditary cancer syndromes across multiple organ systems, including ACMG recommended genes","All Hereditary Cancers, Breast Cancer, Ovarian Cancer, Prostate Cancer, Pancreatic Cancer, Uterine Cancer, Skin Cancer, Brain Cancer, Hematologic Cancer, Liver Cancer, Soft Tissue Sarcoma, Lung Cancer, Adrenal Cancer, Stomach Cancer, Colorectal Cancer"
19,Germline BRCA 1 & 2 deletion/duplication by MLPA,BRCA 1 and BRCA2 - Full Gene,Whole Blood in EDTA Tube,10 Days,MLPA BRCA1 & BRCA2,SLS140014 / SLS140015,This test detects large genomic rearrangements in the BRCA1 and BRCA2 genes using Multiplex Ligation-dependent Probe Amplification,Hereditary Breast and Ovarian Cancer
20,PCR- EGFR Mutation Panel,Exon 18 19 20 21-Hotspots,FFPE Tissue Block or 10ml Blood In Streck Tube,2 Days,EGFR (Tissue),SLS140010,"This test detects mutations in the EGFR gene (Exons 18, 19, 20, and 21), including the resistance mutation T790M","Lung Cancer, Colorectal Cancer, Head & Neck Cancer, Glioblastoma"
21,PCR- KRAS Mutation Panel,Exon 2 3 & 4 -Hotspots,FFPE Tissue Block,2 Days,KRAS gene analysis by PCR,SLS840009,This test detects mutations in the KRAS gene from FFPE tissue samples to support the diagnosis and personalized treatment of certain cancers,"Colorectal Cancer, Pancreatic Cancer, NSCLC"
22,PCR- NRAS Mutation Panel,Exon 2 3 & 4 -Hotspots,FFPE Tissue Block,2 Days,"KRAS, NRAS & BRAF BY PCR - Sequencing",SLS840007,"This test detects mutations in the KRAS, NRAS, and BRAF genes from FFPE samples to guide targeted therapy in cancers such as Colorectal Cancer and Melanoma","Colorectal Cancer, Melanoma, NSCLC"
23,PCR- BRAF Mutation Panel,Exon 15 V600E,FFPE Tissue Block,2 Days,BRAF V600 by PCR,SLS840002,"This test detects the BRAF V600 mutation in blood samples, which is commonly associated with various cancers and can inform targeted therapy","Melanoma, Colorectal Cancer, Thyroid Cancer, Non-Small Cell Lung Cancer (NSCLC)"
24,PCR- DPYD Mutation Panel,DPYD*2A/DPYD*13/D949V/IVS10 /DPYD*6,Whole Blood in EDTA Tube,2 Days,OncoPGx Panel,SLS166213,"This is a comprehensive germline pharmacogenomics (PGx) test that identifies inherited genetic variants influencing the metabolism, efficacy, and toxicity of oncology medications [including fluoropyrimidines / DPYD]","Colorectal Cancer, Stomach Cancer, Pancreatic Cancer, Breast Cancer, NSCLC"
